Language,Problem
C,Hello
Python,Caesar
Scratch,Mario
C,Recover
Python,Spell
C,Mario
Python,Similarities
Scratch,MASH
C,Finance
Python,Final Project
C,Credit
Python,DNA
Scratch,Fifteen
C,Game of Fifteen
Python,Language
C,Resize
Python,Runoff
Scratch,Plurality
C,Tideman
Python,Speller
C,Greedy
Python,Mario
Scratch,Vigenere
C,Find
Python,Selection
C,Find
Python,Sudoku
Scratch,Hello
C,Whodunit
Python,Resize
C,Recover
Python,Filter
C,Recover
C,Popularity Contest
C,Survey
C,Music
C,Finance
Python,Homepage
C,Newsvendor
Python,Traffic
C,Recover
Python,Caesar
Scratch,Mario
C,Resize
Python,Runoff
Scratch,Vigenere
C,Find
Python,Selection
C,Find
Python,Sudoku
C,Recover
Python,Filter
C,Recover
